customer_id,account_id,business_type,risk_tier,expected_monthly_turnover_inr,account_open_date,phone_hash,address_hash,kyc_updated_at
CN0001,NA0001,PROFESSIONAL,LOW,15666865,2026-02-16,ph_north_0001,ad_north_0001,2026-08-11T19:00:00Z
CN0002,NA0002,RETAIL,HIGH,14058805,2024-03-17,ph_north_0002,ad_north_0002,2026-08-10T16:00:00Z
CN0003,NA0003,RETAIL,LOW,7618167,2025-11-01,ph_north_0003,ad_north_0003,2026-08-08T22:00:00Z
CN0004,NA0004,WHOLESALE,MEDIUM,8816334,2025-01-07,ph_north_0004,ad_north_0004,2026-08-17T15:00:00Z
CN0005,NA0005,WHOLESALE,LOW,15155914,2025-07-19,ph_north_0005,ad_north_0005,2026-08-12T14:00:00Z
CN0006,NA0006,PROFESSIONAL,LOW,17516517,2025-01-13,ph_north_0006,ad_north_0006,2026-08-09T08:00:00Z
CN0007,NA0007,PROFESSIONAL,LOW,9200896,2024-11-16,ph_north_0007,ad_north_0007,2026-08-19T21:00:00Z
CN0008,NA0008,RETAIL,MEDIUM,13788575,2025-04-11,ph_north_0008,ad_north_0008,2026-08-08T10:00:00Z
CN0009,NA0009,RETAIL,LOW,9247670,2023-12-21,ph_north_0009,ad_north_0009,2026-08-18T02:00:00Z
CN0010,NA0010,RETAIL,LOW,5244004,2024-09-03,ph_north_0010,ad_north_0010,2026-08-12T03:00:00Z
CN0011,NA0011,RETAIL,MEDIUM,13054374,2026-02-04,ph_north_0011,ad_north_0011,2026-08-16T13:00:00Z
CN0012,NA0012,PROFESSIONAL,MEDIUM,7893393,2023-08-30,ph_north_0012,ad_north_0012,2026-08-16T21:00:00Z
CN0013,NA0013,WHOLESALE,LOW,4798485,2023-12-11,ph_north_0013,ad_north_0013,2026-08-20T08:00:00Z
CN0014,NA0014,PROFESSIONAL,MEDIUM,13135228,2025-07-19,ph_north_0014,ad_north_0014,2026-08-10T18:00:00Z
CN0015,NA0015,RETAIL,LOW,3806650,2025-08-23,ph_north_0015,ad_north_0015,2026-08-19T00:00:00Z
CN0016,NA0016,WHOLESALE,LOW,10826395,2026-02-24,ph_north_0016,ad_north_0016,2026-08-10T23:00:00Z
CN0017,NA0017,WHOLESALE,LOW,10726918,2023-12-22,ph_north_0017,ad_north_0017,2026-08-16T16:00:00Z
CN0018,NA0018,RETAIL,LOW,5040647,2025-07-20,ph_north_0018,ad_north_0018,2026-08-15T09:00:00Z
CN0019,NA0019,PROFESSIONAL,LOW,2461995,2023-10-16,ph_north_0019,ad_north_0019,2026-08-16T23:00:00Z
CN0020,NA0020,RETAIL,MEDIUM,10691030,2024-11-08,ph_north_0020,ad_north_0020,2026-08-10T17:00:00Z
CN0021,NA0021,WHOLESALE,LOW,14931336,2025-05-31,ph_north_0021,ad_north_0021,2026-08-18T09:00:00Z
CN0022,NA0022,RETAIL,LOW,13418929,2024-04-09,ph_north_0022,ad_north_0022,2026-08-14T17:00:00Z
CN0023,NA0023,RETAIL,LOW,4013149,2024-11-16,ph_north_0023,ad_north_0023,2026-08-11T19:00:00Z
CN0024,NA0024,RETAIL,LOW,6474949,2024-04-24,ph_north_0024,ad_north_0024,2026-08-12T15:00:00Z
CN0025,NA0025,RETAIL,LOW,3447097,2025-05-11,ph_north_0025,ad_north_0025,2026-08-08T12:00:00Z
CN0026,NA0026,CASH_INTENSIVE,MEDIUM,5886854,2024-01-25,ph_north_0026,ad_north_0026,2026-08-08T10:00:00Z
CN0027,NA0027,PROFESSIONAL,MEDIUM,8914464,2024-02-25,ph_north_0027,ad_north_0027,2026-08-17T01:00:00Z
CN0028,NA0028,RETAIL,HIGH,9020308,2024-04-01,ph_north_0028,ad_north_0028,2026-08-17T22:00:00Z
CN0029,NA0029,RETAIL,LOW,4416750,2024-12-24,ph_north_0029,ad_north_0029,2026-08-09T19:00:00Z
CN0030,NA0030,PROFESSIONAL,MEDIUM,8629535,2025-06-14,ph_north_0030,ad_north_0030,2026-08-12T16:00:00Z
CN0031,NA0031,WHOLESALE,MEDIUM,2893331,2024-02-02,ph_north_0031,ad_north_0031,2026-08-15T07:00:00Z
CN0032,NA0032,RETAIL,LOW,6942710,2024-05-19,ph_north_0032,ad_north_0032,2026-08-18T15:00:00Z
CN0033,NA0033,RETAIL,LOW,4314783,2025-06-24,ph_north_0033,ad_north_0033,2026-08-08T23:00:00Z
CN0034,NA0034,WHOLESALE,LOW,11250105,2025-06-29,ph_north_0034,ad_north_0034,2026-08-20T04:00:00Z
CN0035,NA0035,CASH_INTENSIVE,LOW,14415131,2026-03-11,ph_north_0035,ad_north_0035,2026-08-19T10:00:00Z
CN0036,NA0036,WHOLESALE,LOW,16974136,2025-11-25,ph_north_0036,ad_north_0036,2026-08-13T08:00:00Z
CN0037,NA0037,RETAIL,LOW,6970888,2024-09-25,ph_north_0037,ad_north_0037,2026-08-13T23:00:00Z
CN0038,NA0038,RETAIL,LOW,15133816,2026-05-11,ph_north_0038,ad_north_0038,2026-08-09T07:00:00Z
CN0039,NA0039,RETAIL,LOW,3291499,2024-05-13,ph_north_0039,ad_north_0039,2026-08-12T02:00:00Z
CN0040,NA0040,RETAIL,MEDIUM,13495411,2023-07-15,ph_north_0040,ad_north_0040,2026-08-10T21:00:00Z
CN0041,NA0041,RETAIL,HIGH,5298530,2025-09-02,ph_north_0041,ad_north_0041,2026-08-19T23:00:00Z
CN0042,NA0042,WHOLESALE,LOW,15191530,2024-12-28,ph_north_0042,ad_north_0042,2026-08-10T10:00:00Z
CN0043,NA0043,RETAIL,HIGH,6300144,2024-07-01,ph_north_0043,ad_north_0043,2026-08-14T01:00:00Z
CN0044,NA0044,RETAIL,HIGH,4216028,2024-10-08,ph_north_0044,ad_north_0044,2026-08-19T21:00:00Z
CN0045,NA0045,RETAIL,HIGH,16212674,2026-02-11,ph_north_0045,ad_north_0045,2026-08-11T03:00:00Z
CN0046,NA0046,PROFESSIONAL,MEDIUM,10061162,2024-12-17,ph_north_0046,ad_north_0046,2026-08-16T12:00:00Z
CN0047,NA0047,PROFESSIONAL,MEDIUM,7665352,2023-09-12,ph_north_0047,ad_north_0047,2026-08-19T06:00:00Z
CN0048,NA0048,PROFESSIONAL,LOW,16957416,2023-07-06,ph_north_0048,ad_north_0048,2026-08-17T11:00:00Z
CN0049,NA0049,RETAIL,MEDIUM,4029191,2024-02-14,ph_north_0049,ad_north_0049,2026-08-18T05:00:00Z
CN0050,NA0050,WHOLESALE,MEDIUM,4741171,2025-07-15,ph_north_0050,ad_north_0050,2026-08-16T14:00:00Z
CN0051,NA0051,PROFESSIONAL,HIGH,9762229,2025-01-26,ph_north_0051,ad_north_0051,2026-08-18T16:00:00Z
CN0052,NA0052,RETAIL,LOW,3675066,2026-05-03,ph_north_0052,ad_north_0052,2026-08-12T01:00:00Z
CN0053,NA0053,RETAIL,LOW,12955330,2024-01-23,ph_north_0053,ad_north_0053,2026-08-13T05:00:00Z
CN0054,NA0054,RETAIL,MEDIUM,13304217,2026-02-18,ph_north_0054,ad_north_0054,2026-08-11T06:00:00Z
CN0055,NA0055,RETAIL,LOW,16804782,2026-02-22,ph_north_0055,ad_north_0055,2026-08-15T12:00:00Z
CN0056,NA0056,RETAIL,LOW,12437259,2025-06-08,ph_north_0056,ad_north_0056,2026-08-08T14:00:00Z
CN0057,NA0057,RETAIL,HIGH,1910181,2024-07-29,ph_north_0057,ad_north_0057,2026-08-13T13:00:00Z
CN0058,NA0058,WHOLESALE,LOW,3815603,2024-02-11,ph_north_0058,ad_north_0058,2026-08-15T06:00:00Z
CN0059,NA0059,CASH_INTENSIVE,LOW,16894883,2024-02-23,ph_north_0059,ad_north_0059,2026-08-10T11:00:00Z
CN0060,NA0060,RETAIL,MEDIUM,1794306,2024-05-16,ph_north_0060,ad_north_0060,2026-08-19T02:00:00Z
CN0061,NA0061,PROFESSIONAL,MEDIUM,5338572,2025-05-16,ph_north_0061,ad_north_0061,2026-08-13T20:00:00Z
CN0062,NA0062,WHOLESALE,MEDIUM,11451268,2025-07-05,ph_north_0062,ad_north_0062,2026-08-15T08:00:00Z
CN0063,NA0063,RETAIL,LOW,12256861,2023-06-19,ph_north_0063,ad_north_0063,2026-08-09T16:00:00Z
CN0064,NA0064,RETAIL,LOW,5404928,2023-05-15,ph_north_0064,ad_north_0064,2026-08-11T04:00:00Z
CN0065,NA0065,PROFESSIONAL,LOW,2598221,2024-12-11,ph_north_0065,ad_north_0065,2026-08-13T01:00:00Z
CN0066,NA0066,RETAIL,MEDIUM,6620522,2023-08-02,ph_north_0066,ad_north_0066,2026-08-18T16:00:00Z
CN0067,NA0067,CASH_INTENSIVE,LOW,6197881,2024-08-20,ph_north_0067,ad_north_0067,2026-08-18T13:00:00Z
CN0068,NA0068,RETAIL,LOW,2414024,2025-10-18,ph_north_0068,ad_north_0068,2026-08-18T06:00:00Z
CN0069,NA0069,RETAIL,LOW,12731789,2023-12-13,ph_north_0069,ad_north_0069,2026-08-15T13:00:00Z
CN0070,NA0070,RETAIL,LOW,15937581,2023-12-25,ph_north_0070,ad_north_0070,2026-08-09T21:00:00Z
CN0071,NA0071,RETAIL,LOW,5406290,2025-09-11,ph_north_0071,ad_north_0071,2026-08-17T08:00:00Z
CN0072,NA0072,WHOLESALE,LOW,2312692,2026-05-15,ph_north_0072,ad_north_0072,2026-08-15T19:00:00Z
CN0073,NA0073,WHOLESALE,LOW,15252066,2026-01-24,ph_north_0073,ad_north_0073,2026-08-19T19:00:00Z
CN0074,NA0074,CASH_INTENSIVE,LOW,15418986,2023-12-16,ph_north_0074,ad_north_0074,2026-08-09T06:00:00Z
CN0075,NA0075,CASH_INTENSIVE,MEDIUM,14361379,2024-06-25,ph_north_0075,ad_north_0075,2026-08-12T11:00:00Z
CN0076,NA0076,PROFESSIONAL,LOW,10345122,2025-05-29,ph_north_0076,ad_north_0076,2026-08-14T01:00:00Z
CN0077,NA0077,PROFESSIONAL,LOW,7853976,2024-04-21,ph_north_0077,ad_north_0077,2026-08-12T12:00:00Z
CN0078,NA0078,RETAIL,LOW,9384975,2025-11-20,ph_north_0078,ad_north_0078,2026-08-15T06:00:00Z
CN0079,NA0079,RETAIL,LOW,7545475,2024-02-24,ph_north_0079,ad_north_0079,2026-08-16T09:00:00Z
CN0080,NA0080,RETAIL,MEDIUM,6398461,2023-12-25,ph_north_0080,ad_north_0080,2026-08-08T16:00:00Z
CS0001,SA0001,CASH_INTENSIVE,LOW,6917959,2024-12-27,ph_south_0001,ad_south_0001,2026-08-13T19:00:00Z
CS0002,SA0002,PROFESSIONAL,MEDIUM,14772465,2024-09-16,ph_south_0002,ad_south_0002,2026-08-13T20:00:00Z
CS0003,SA0003,WHOLESALE,LOW,13625737,2026-04-13,ph_south_0003,ad_south_0003,2026-08-17T22:00:00Z
CS0004,SA0004,WHOLESALE,MEDIUM,3679696,2023-06-30,ph_south_0004,ad_south_0004,2026-08-12T19:00:00Z
CS0005,SA0005,RETAIL,MEDIUM,2894138,2024-10-19,ph_south_0005,ad_south_0005,2026-08-08T20:00:00Z
CS0006,SA0006,RETAIL,HIGH,14714588,2025-02-25,ph_south_0006,ad_south_0006,2026-08-13T02:00:00Z
CS0007,SA0007,PROFESSIONAL,MEDIUM,17109446,2026-02-11,ph_south_0007,ad_south_0007,2026-08-17T07:00:00Z
CS0008,SA0008,WHOLESALE,LOW,11666734,2025-11-17,ph_south_0008,ad_south_0008,2026-08-18T07:00:00Z
CS0009,SA0009,WHOLESALE,LOW,9188755,2024-04-29,ph_south_0009,ad_south_0009,2026-08-13T23:00:00Z
CS0010,SA0010,PROFESSIONAL,MEDIUM,9620528,2025-09-03,ph_south_0010,ad_south_0010,2026-08-13T00:00:00Z
CS0011,SA0011,CASH_INTENSIVE,LOW,3432208,2024-03-13,ph_south_0011,ad_south_0011,2026-08-19T08:00:00Z
CS0012,SA0012,WHOLESALE,LOW,14276303,2025-10-03,ph_south_0012,ad_south_0012,2026-08-12T02:00:00Z
CS0013,SA0013,RETAIL,MEDIUM,14081780,2024-06-17,ph_south_0013,ad_south_0013,2026-08-17T02:00:00Z
CS0014,SA0014,RETAIL,LOW,4100592,2023-06-20,ph_south_0014,ad_south_0014,2026-08-18T14:00:00Z
CS0015,SA0015,CASH_INTENSIVE,LOW,7824777,2026-01-01,ph_south_0015,ad_south_0015,2026-08-11T09:00:00Z
CS0016,SA0016,WHOLESALE,HIGH,14374974,2024-07-11,ph_south_0016,ad_south_0016,2026-08-14T12:00:00Z
CS0017,SA0017,RETAIL,HIGH,13343043,2023-10-26,ph_south_0017,ad_south_0017,2026-08-08T15:00:00Z
CS0018,SA0018,RETAIL,MEDIUM,12011719,2026-01-06,ph_south_0018,ad_south_0018,2026-08-18T22:00:00Z
CS0019,SA0019,WHOLESALE,MEDIUM,1702994,2026-02-05,ph_south_0019,ad_south_0019,2026-08-14T19:00:00Z
CS0020,SA0020,PROFESSIONAL,LOW,9066043,2025-06-06,ph_south_0020,ad_south_0020,2026-08-14T23:00:00Z
CS0021,SA0021,RETAIL,HIGH,14391351,2024-09-25,ph_south_0021,ad_south_0021,2026-08-19T02:00:00Z
CS0022,SA0022,CASH_INTENSIVE,MEDIUM,6184489,2024-01-10,ph_south_0022,ad_south_0022,2026-08-10T01:00:00Z
CS0023,SA0023,RETAIL,HIGH,12483798,2025-12-22,ph_south_0023,ad_south_0023,2026-08-12T09:00:00Z
CS0024,SA0024,RETAIL,MEDIUM,1978491,2025-08-23,ph_south_0024,ad_south_0024,2026-08-17T11:00:00Z
CS0025,SA0025,RETAIL,MEDIUM,4770369,2026-05-06,ph_south_0025,ad_south_0025,2026-08-09T03:00:00Z
CS0026,SA0026,WHOLESALE,LOW,1589592,2025-11-30,ph_south_0026,ad_south_0026,2026-08-19T19:00:00Z
CS0027,SA0027,WHOLESALE,MEDIUM,5436121,2025-07-07,ph_south_0027,ad_south_0027,2026-08-09T21:00:00Z
CS0028,SA0028,RETAIL,MEDIUM,16808624,2026-01-09,ph_south_0028,ad_south_0028,2026-08-10T20:00:00Z
CS0029,SA0029,WHOLESALE,MEDIUM,2162496,2025-01-01,ph_south_0029,ad_south_0029,2026-08-17T22:00:00Z
CS0030,SA0030,RETAIL,LOW,13795604,2024-09-21,ph_south_0030,ad_south_0030,2026-08-12T15:00:00Z
CS0031,SA0031,PROFESSIONAL,LOW,13621248,2026-03-25,ph_south_0031,ad_south_0031,2026-08-18T01:00:00Z
CS0032,SA0032,RETAIL,MEDIUM,17673378,2024-02-11,ph_south_0032,ad_south_0032,2026-08-12T20:00:00Z
CS0033,SA0033,RETAIL,MEDIUM,2198784,2025-09-21,ph_south_0033,ad_south_0033,2026-08-09T11:00:00Z
CS0034,SA0034,PROFESSIONAL,LOW,3013396,2024-01-19,ph_south_0034,ad_south_0034,2026-08-18T04:00:00Z
CS0035,SA0035,CASH_INTENSIVE,LOW,14437335,2025-08-13,ph_south_0035,ad_south_0035,2026-08-12T13:00:00Z
CS0036,SA0036,WHOLESALE,LOW,17109403,2024-09-29,ph_south_0036,ad_south_0036,2026-08-16T17:00:00Z
CS0037,SA0037,WHOLESALE,MEDIUM,12212347,2025-01-16,ph_south_0037,ad_south_0037,2026-08-08T18:00:00Z
CS0038,SA0038,RETAIL,LOW,8166567,2023-08-12,ph_south_0038,ad_south_0038,2026-08-14T13:00:00Z
CS0039,SA0039,RETAIL,LOW,6088246,2026-02-08,ph_south_0039,ad_south_0039,2026-08-16T16:00:00Z
CS0040,SA0040,RETAIL,MEDIUM,11971380,2023-06-09,ph_south_0040,ad_south_0040,2026-08-15T08:00:00Z
CS0041,SA0041,RETAIL,LOW,11207053,2024-07-24,ph_south_0041,ad_south_0041,2026-08-16T12:00:00Z
CS0042,SA0042,RETAIL,LOW,9323189,2025-12-09,ph_south_0042,ad_south_0042,2026-08-17T15:00:00Z
CS0043,SA0043,WHOLESALE,LOW,13083035,2024-09-22,ph_south_0043,ad_south_0043,2026-08-12T09:00:00Z
CS0044,SA0044,WHOLESALE,LOW,14492631,2025-05-07,ph_south_0044,ad_south_0044,2026-08-13T15:00:00Z
CS0045,SA0045,RETAIL,MEDIUM,7450846,2023-06-20,ph_south_0045,ad_south_0045,2026-08-14T02:00:00Z
CS0046,SA0046,PROFESSIONAL,MEDIUM,16697443,2023-10-22,ph_south_0046,ad_south_0046,2026-08-14T04:00:00Z
CS0047,SA0047,WHOLESALE,MEDIUM,6688436,2024-10-23,ph_south_0047,ad_south_0047,2026-08-10T01:00:00Z
CS0048,SA0048,WHOLESALE,LOW,2688975,2023-10-01,ph_south_0048,ad_south_0048,2026-08-10T00:00:00Z
CS0049,SA0049,RETAIL,LOW,7013145,2024-11-27,ph_south_0049,ad_south_0049,2026-08-18T07:00:00Z
CS0050,SA0050,RETAIL,MEDIUM,1742266,2025-01-23,ph_south_0050,ad_south_0050,2026-08-10T04:00:00Z
CS0051,SA0051,PROFESSIONAL,LOW,4034612,2025-08-30,ph_south_0051,ad_south_0051,2026-08-12T23:00:00Z
CS0052,SA0052,RETAIL,LOW,17314081,2026-02-26,ph_south_0052,ad_south_0052,2026-08-08T02:00:00Z
CS0053,SA0053,PROFESSIONAL,LOW,12846473,2025-12-14,ph_south_0053,ad_south_0053,2026-08-11T16:00:00Z
CS0054,SA0054,RETAIL,MEDIUM,1677006,2024-05-03,ph_south_0054,ad_south_0054,2026-08-17T20:00:00Z
CS0055,SA0055,WHOLESALE,LOW,4237463,2025-02-13,ph_south_0055,ad_south_0055,2026-08-10T01:00:00Z
CS0056,SA0056,CASH_INTENSIVE,LOW,15344650,2023-12-15,ph_south_0056,ad_south_0056,2026-08-08T03:00:00Z
CS0057,SA0057,RETAIL,LOW,7977449,2025-05-23,ph_south_0057,ad_south_0057,2026-08-19T11:00:00Z
CS0058,SA0058,PROFESSIONAL,LOW,9243894,2023-08-06,ph_south_0058,ad_south_0058,2026-08-18T14:00:00Z
CS0059,SA0059,RETAIL,HIGH,2236709,2024-06-20,ph_south_0059,ad_south_0059,2026-08-17T13:00:00Z
CS0060,SA0060,RETAIL,LOW,11176345,2024-03-11,ph_south_0060,ad_south_0060,2026-08-14T07:00:00Z
CS0061,SA0061,RETAIL,LOW,15419208,2023-10-17,ph_south_0061,ad_south_0061,2026-08-12T12:00:00Z
CS0062,SA0062,WHOLESALE,MEDIUM,14087899,2024-07-10,ph_south_0062,ad_south_0062,2026-08-19T17:00:00Z
CS0063,SA0063,RETAIL,LOW,7084531,2023-07-24,ph_south_0063,ad_south_0063,2026-08-09T23:00:00Z
CS0064,SA0064,WHOLESALE,MEDIUM,15558256,2025-04-07,ph_south_0064,ad_south_0064,2026-08-14T04:00:00Z
CS0065,SA0065,CASH_INTENSIVE,LOW,15529525,2025-03-22,ph_south_0065,ad_south_0065,2026-08-16T05:00:00Z
CS0066,SA0066,WHOLESALE,LOW,3232165,2026-04-28,ph_south_0066,ad_south_0066,2026-08-15T12:00:00Z
CS0067,SA0067,CASH_INTENSIVE,MEDIUM,4428858,2026-05-13,ph_south_0067,ad_south_0067,2026-08-16T06:00:00Z
CS0068,SA0068,RETAIL,LOW,16803097,2024-04-16,ph_south_0068,ad_south_0068,2026-08-14T21:00:00Z
CS0069,SA0069,RETAIL,LOW,1620688,2025-02-15,ph_south_0069,ad_south_0069,2026-08-17T00:00:00Z
CS0070,SA0070,PROFESSIONAL,MEDIUM,17699798,2023-12-13,ph_south_0070,ad_south_0070,2026-08-12T18:00:00Z
CS0071,SA0071,RETAIL,MEDIUM,16404909,2024-10-28,ph_south_0071,ad_south_0071,2026-08-11T12:00:00Z
CS0072,SA0072,CASH_INTENSIVE,MEDIUM,15802223,2026-03-01,ph_south_0072,ad_south_0072,2026-08-19T00:00:00Z
CS0073,SA0073,PROFESSIONAL,LOW,10626212,2023-06-20,ph_south_0073,ad_south_0073,2026-08-12T08:00:00Z
CS0074,SA0074,CASH_INTENSIVE,HIGH,6255766,2023-11-23,ph_south_0074,ad_south_0074,2026-08-11T08:00:00Z
CS0075,SA0075,PROFESSIONAL,LOW,3543851,2025-06-26,ph_south_0075,ad_south_0075,2026-08-19T22:00:00Z
CS0076,SA0076,PROFESSIONAL,LOW,17761412,2023-10-11,ph_south_0076,ad_south_0076,2026-08-14T16:00:00Z
CS0077,SA0077,CASH_INTENSIVE,LOW,14595755,2024-05-31,ph_south_0077,ad_south_0077,2026-08-19T09:00:00Z
CS0078,SA0078,WHOLESALE,MEDIUM,16757577,2025-01-14,ph_south_0078,ad_south_0078,2026-08-10T05:00:00Z
CS0079,SA0079,RETAIL,LOW,2303524,2025-04-08,ph_south_0079,ad_south_0079,2026-08-19T02:00:00Z
CS0080,SA0080,WHOLESALE,MEDIUM,14266391,2026-05-13,ph_south_0080,ad_south_0080,2026-08-09T17:00:00Z
CE0001,EA0001,PROFESSIONAL,MEDIUM,2307901,2023-08-19,ph_east_0001,ad_east_0001,2026-08-17T13:00:00Z
CE0002,EA0002,WHOLESALE,MEDIUM,1574252,2023-07-01,ph_east_0002,ad_east_0002,2026-08-14T01:00:00Z
CE0003,EA0003,WHOLESALE,LOW,8122366,2024-04-06,ph_east_0003,ad_east_0003,2026-08-09T08:00:00Z
CE0004,EA0004,WHOLESALE,LOW,15570888,2024-10-18,ph_east_0004,ad_east_0004,2026-08-16T03:00:00Z
CE0005,EA0005,PROFESSIONAL,LOW,11240284,2025-01-09,ph_east_0005,ad_east_0005,2026-08-15T12:00:00Z
CE0006,EA0006,RETAIL,MEDIUM,4595295,2024-04-28,ph_east_0006,ad_east_0006,2026-08-19T09:00:00Z
CE0007,EA0007,RETAIL,MEDIUM,14822621,2024-10-07,ph_east_0007,ad_east_0007,2026-08-08T01:00:00Z
CE0008,EA0008,RETAIL,LOW,3757551,2026-01-10,ph_east_0008,ad_east_0008,2026-08-13T07:00:00Z
CE0009,EA0009,CASH_INTENSIVE,MEDIUM,11321011,2026-03-17,ph_east_0009,ad_east_0009,2026-08-15T14:00:00Z
CE0010,EA0010,CASH_INTENSIVE,LOW,3717054,2026-01-28,ph_east_0010,ad_east_0010,2026-08-15T22:00:00Z
CE0011,EA0011,RETAIL,LOW,1791534,2025-06-21,ph_east_0011,ad_east_0011,2026-08-14T19:00:00Z
CE0012,EA0012,WHOLESALE,LOW,8436299,2023-09-10,ph_east_0012,ad_east_0012,2026-08-08T13:00:00Z
CE0013,EA0013,PROFESSIONAL,LOW,6194924,2025-05-03,ph_east_0013,ad_east_0013,2026-08-09T07:00:00Z
CE0014,EA0014,RETAIL,LOW,16499569,2025-06-17,ph_east_0014,ad_east_0014,2026-08-13T21:00:00Z
CE0015,EA0015,PROFESSIONAL,LOW,12281746,2026-04-25,ph_east_0015,ad_east_0015,2026-08-16T17:00:00Z
CE0016,EA0016,RETAIL,LOW,4064785,2025-05-02,ph_east_0016,ad_east_0016,2026-08-09T14:00:00Z
CE0017,EA0017,RETAIL,LOW,14567578,2024-08-11,ph_east_0017,ad_east_0017,2026-08-10T17:00:00Z
CE0018,EA0018,RETAIL,LOW,17912578,2024-08-07,ph_east_0018,ad_east_0018,2026-08-12T01:00:00Z
CE0019,EA0019,PROFESSIONAL,HIGH,14495232,2024-12-16,ph_east_0019,ad_east_0019,2026-08-18T03:00:00Z
CE0020,EA0020,WHOLESALE,LOW,12273215,2025-06-02,ph_east_0020,ad_east_0020,2026-08-08T14:00:00Z
CE0021,EA0021,WHOLESALE,LOW,2091405,2023-07-16,ph_east_0021,ad_east_0021,2026-08-08T12:00:00Z
CE0022,EA0022,RETAIL,LOW,5560099,2024-08-25,ph_east_0022,ad_east_0022,2026-08-19T15:00:00Z
CE0023,EA0023,RETAIL,LOW,6657404,2026-03-31,ph_east_0023,ad_east_0023,2026-08-19T19:00:00Z
CE0024,EA0024,RETAIL,LOW,2498719,2023-08-30,ph_east_0024,ad_east_0024,2026-08-11T18:00:00Z
CE0025,EA0025,RETAIL,LOW,8003075,2025-09-09,ph_east_0025,ad_east_0025,2026-08-15T06:00:00Z
CE0026,EA0026,RETAIL,LOW,15735615,2025-11-23,ph_east_0026,ad_east_0026,2026-08-20T10:00:00Z
CE0027,EA0027,WHOLESALE,LOW,6996053,2025-02-21,ph_east_0027,ad_east_0027,2026-08-15T02:00:00Z
CE0028,EA0028,PROFESSIONAL,MEDIUM,5795750,2025-09-10,ph_east_0028,ad_east_0028,2026-08-16T10:00:00Z
CE0029,EA0029,RETAIL,LOW,12773762,2025-05-17,ph_east_0029,ad_east_0029,2026-08-17T14:00:00Z
CE0030,EA0030,RETAIL,HIGH,2301393,2024-11-19,ph_east_0030,ad_east_0030,2026-08-14T17:00:00Z
CE0031,EA0031,PROFESSIONAL,LOW,2281671,2025-06-02,ph_east_0031,ad_east_0031,2026-08-18T17:00:00Z
CE0032,EA0032,CASH_INTENSIVE,LOW,4607312,2023-11-28,ph_east_0032,ad_east_0032,2026-08-20T01:00:00Z
CE0033,EA0033,RETAIL,MEDIUM,5487041,2026-02-13,ph_east_0033,ad_east_0033,2026-08-13T09:00:00Z
CE0034,EA0034,WHOLESALE,MEDIUM,1578232,2025-07-15,ph_east_0034,ad_east_0034,2026-08-09T20:00:00Z
CE0035,EA0035,WHOLESALE,LOW,14253466,2023-05-14,ph_east_0035,ad_east_0035,2026-08-09T20:00:00Z
CE0036,EA0036,RETAIL,HIGH,8998547,2023-06-13,ph_east_0036,ad_east_0036,2026-08-12T23:00:00Z
CE0037,EA0037,CASH_INTENSIVE,LOW,14917129,2025-12-09,ph_east_0037,ad_east_0037,2026-08-16T12:00:00Z
CE0038,EA0038,PROFESSIONAL,MEDIUM,5069868,2024-10-27,ph_east_0038,ad_east_0038,2026-08-15T07:00:00Z
CE0039,EA0039,RETAIL,LOW,1992273,2024-02-26,ph_east_0039,ad_east_0039,2026-08-16T03:00:00Z
CE0040,EA0040,RETAIL,LOW,13465524,2023-10-27,ph_east_0040,ad_east_0040,2026-08-11T15:00:00Z
CE0041,EA0041,PROFESSIONAL,LOW,16185321,2025-12-09,ph_east_0041,ad_east_0041,2026-08-13T02:00:00Z
CE0042,EA0042,RETAIL,LOW,12936074,2026-03-17,ph_east_0042,ad_east_0042,2026-08-18T07:00:00Z
CE0043,EA0043,WHOLESALE,HIGH,1566125,2023-08-01,ph_east_0043,ad_east_0043,2026-08-20T06:00:00Z
CE0044,EA0044,CASH_INTENSIVE,LOW,3594014,2024-08-25,ph_east_0044,ad_east_0044,2026-08-09T07:00:00Z
CE0045,EA0045,PROFESSIONAL,LOW,11759568,2025-11-01,ph_east_0045,ad_east_0045,2026-08-17T01:00:00Z
CE0046,EA0046,RETAIL,LOW,6363460,2025-05-06,ph_east_0046,ad_east_0046,2026-08-12T05:00:00Z
CE0047,EA0047,PROFESSIONAL,LOW,11329277,2025-11-30,ph_east_0047,ad_east_0047,2026-08-17T14:00:00Z
CE0048,EA0048,PROFESSIONAL,LOW,11577707,2025-10-29,ph_east_0048,ad_east_0048,2026-08-13T14:00:00Z
CE0049,EA0049,RETAIL,MEDIUM,13475198,2024-01-26,ph_east_0049,ad_east_0049,2026-08-13T10:00:00Z
CE0050,EA0050,PROFESSIONAL,HIGH,8417994,2023-08-01,ph_east_0050,ad_east_0050,2026-08-14T01:00:00Z
CE0051,EA0051,RETAIL,MEDIUM,10083796,2025-02-01,ph_east_0051,ad_east_0051,2026-08-15T09:00:00Z
CE0052,EA0052,RETAIL,MEDIUM,8017619,2025-11-26,ph_east_0052,ad_east_0052,2026-08-11T23:00:00Z
CE0053,EA0053,RETAIL,HIGH,4444289,2024-04-26,ph_east_0053,ad_east_0053,2026-08-17T23:00:00Z
CE0054,EA0054,PROFESSIONAL,HIGH,5000432,2025-05-07,ph_east_0054,ad_east_0054,2026-08-14T14:00:00Z
CE0055,EA0055,PROFESSIONAL,MEDIUM,7754369,2025-02-18,ph_east_0055,ad_east_0055,2026-08-14T00:00:00Z
CE0056,EA0056,PROFESSIONAL,MEDIUM,14418842,2023-07-03,ph_east_0056,ad_east_0056,2026-08-13T09:00:00Z
CE0057,EA0057,RETAIL,HIGH,15781946,2023-10-10,ph_east_0057,ad_east_0057,2026-08-10T13:00:00Z
CE0058,EA0058,RETAIL,LOW,13769406,2025-01-02,ph_east_0058,ad_east_0058,2026-08-20T04:00:00Z
CE0059,EA0059,CASH_INTENSIVE,LOW,13368656,2023-07-24,ph_east_0059,ad_east_0059,2026-08-09T10:00:00Z
CE0060,EA0060,RETAIL,LOW,11544228,2024-08-26,ph_east_0060,ad_east_0060,2026-08-13T05:00:00Z
CE0061,EA0061,RETAIL,MEDIUM,16933792,2024-11-09,ph_east_0061,ad_east_0061,2026-08-14T15:00:00Z
CE0062,EA0062,RETAIL,LOW,8002765,2024-01-20,ph_east_0062,ad_east_0062,2026-08-18T19:00:00Z
CE0063,EA0063,RETAIL,MEDIUM,7101382,2026-04-26,ph_east_0063,ad_east_0063,2026-08-08T14:00:00Z
CE0064,EA0064,RETAIL,LOW,13932825,2024-08-12,ph_east_0064,ad_east_0064,2026-08-09T12:00:00Z
CE0065,EA0065,RETAIL,LOW,4565141,2024-12-07,ph_east_0065,ad_east_0065,2026-08-13T23:00:00Z
CE0066,EA0066,RETAIL,LOW,2245356,2026-05-13,ph_east_0066,ad_east_0066,2026-08-14T11:00:00Z
CE0067,EA0067,CASH_INTENSIVE,MEDIUM,9675858,2023-09-15,ph_east_0067,ad_east_0067,2026-08-19T02:00:00Z
CE0068,EA0068,RETAIL,LOW,14119258,2025-06-22,ph_east_0068,ad_east_0068,2026-08-09T13:00:00Z
CE0069,EA0069,CASH_INTENSIVE,HIGH,17709050,2025-04-24,ph_east_0069,ad_east_0069,2026-08-08T15:00:00Z
CE0070,EA0070,RETAIL,LOW,6523697,2025-09-18,ph_east_0070,ad_east_0070,2026-08-13T14:00:00Z
CE0071,EA0071,RETAIL,MEDIUM,11676476,2025-03-02,ph_east_0071,ad_east_0071,2026-08-13T17:00:00Z
CE0072,EA0072,RETAIL,LOW,4145148,2026-01-24,ph_east_0072,ad_east_0072,2026-08-09T21:00:00Z
CE0073,EA0073,WHOLESALE,MEDIUM,6384542,2023-10-24,ph_east_0073,ad_east_0073,2026-08-15T20:00:00Z
CE0074,EA0074,RETAIL,MEDIUM,14243824,2026-04-05,ph_east_0074,ad_east_0074,2026-08-17T21:00:00Z
CE0075,EA0075,CASH_INTENSIVE,LOW,16286014,2024-03-07,ph_east_0075,ad_east_0075,2026-08-19T05:00:00Z
CE0076,EA0076,RETAIL,MEDIUM,4461619,2024-05-30,ph_east_0076,ad_east_0076,2026-08-15T07:00:00Z
CE0077,EA0077,RETAIL,LOW,13219045,2025-12-25,ph_east_0077,ad_east_0077,2026-08-09T21:00:00Z
CE0078,EA0078,PROFESSIONAL,LOW,10259031,2024-03-14,ph_east_0078,ad_east_0078,2026-08-17T08:00:00Z
CE0079,EA0079,RETAIL,LOW,17010313,2026-03-01,ph_east_0079,ad_east_0079,2026-08-09T10:00:00Z
CE0080,EA0080,PROFESSIONAL,LOW,9595030,2025-01-06,ph_east_0080,ad_east_0080,2026-08-13T21:00:00Z
CW0001,WA0001,WHOLESALE,LOW,3673954,2025-04-18,ph_west_0001,ad_west_0001,2026-08-18T21:00:00Z
CW0002,WA0002,CASH_INTENSIVE,LOW,17227891,2025-12-11,ph_west_0002,ad_west_0002,2026-08-18T10:00:00Z
CW0003,WA0003,WHOLESALE,LOW,5677546,2023-09-25,ph_west_0003,ad_west_0003,2026-08-20T02:00:00Z
CW0004,WA0004,RETAIL,HIGH,6805294,2023-08-10,ph_west_0004,ad_west_0004,2026-08-12T21:00:00Z
CW0005,WA0005,RETAIL,LOW,10276120,2024-05-19,ph_west_0005,ad_west_0005,2026-08-18T03:00:00Z
CW0006,WA0006,CASH_INTENSIVE,MEDIUM,13736641,2025-04-06,ph_west_0006,ad_west_0006,2026-08-14T15:00:00Z
CW0007,WA0007,RETAIL,HIGH,7132886,2024-09-09,ph_west_0007,ad_west_0007,2026-08-19T20:00:00Z
CW0008,WA0008,RETAIL,MEDIUM,11774694,2026-03-23,ph_west_0008,ad_west_0008,2026-08-11T03:00:00Z
CW0009,WA0009,PROFESSIONAL,LOW,16742424,2024-10-10,ph_west_0009,ad_west_0009,2026-08-15T00:00:00Z
CW0010,WA0010,WHOLESALE,LOW,17890580,2025-07-15,ph_west_0010,ad_west_0010,2026-08-16T23:00:00Z
CW0011,WA0011,RETAIL,LOW,3628995,2025-01-26,ph_west_0011,ad_west_0011,2026-08-18T13:00:00Z
CW0012,WA0012,WHOLESALE,LOW,16710565,2024-06-03,ph_west_0012,ad_west_0012,2026-08-16T11:00:00Z
CW0013,WA0013,PROFESSIONAL,LOW,12389196,2024-05-22,ph_west_0013,ad_west_0013,2026-08-13T00:00:00Z
CW0014,WA0014,RETAIL,HIGH,7154775,2024-09-13,ph_west_0014,ad_west_0014,2026-08-18T06:00:00Z
CW0015,WA0015,WHOLESALE,MEDIUM,2164186,2023-05-22,ph_west_0015,ad_west_0015,2026-08-14T21:00:00Z
CW0016,WA0016,PROFESSIONAL,MEDIUM,17864827,2025-01-05,ph_west_0016,ad_west_0016,2026-08-13T20:00:00Z
CW0017,WA0017,WHOLESALE,LOW,17134337,2024-03-20,ph_west_0017,ad_west_0017,2026-08-15T21:00:00Z
CW0018,WA0018,PROFESSIONAL,LOW,10770012,2025-12-08,ph_west_0018,ad_west_0018,2026-08-11T12:00:00Z
CW0019,WA0019,WHOLESALE,HIGH,8418466,2025-10-24,ph_west_0019,ad_west_0019,2026-08-12T10:00:00Z
CW0020,WA0020,RETAIL,LOW,8760826,2025-08-09,ph_west_0020,ad_west_0020,2026-08-18T21:00:00Z
CW0021,WA0021,RETAIL,MEDIUM,12316042,2024-02-29,ph_west_0021,ad_west_0021,2026-08-12T05:00:00Z
CW0022,WA0022,RETAIL,LOW,4763862,2025-11-23,ph_west_0022,ad_west_0022,2026-08-10T19:00:00Z
CW0023,WA0023,PROFESSIONAL,LOW,12519511,2025-11-12,ph_west_0023,ad_west_0023,2026-08-18T20:00:00Z
CW0024,WA0024,RETAIL,LOW,6178092,2025-07-14,ph_west_0024,ad_west_0024,2026-08-12T01:00:00Z
CW0025,WA0025,CASH_INTENSIVE,LOW,10444304,2024-09-23,ph_west_0025,ad_west_0025,2026-08-11T17:00:00Z
CW0026,WA0026,CASH_INTENSIVE,MEDIUM,5709264,2025-06-15,ph_west_0026,ad_west_0026,2026-08-12T16:00:00Z
CW0027,WA0027,RETAIL,HIGH,8094656,2025-01-19,ph_west_0027,ad_west_0027,2026-08-11T22:00:00Z
CW0028,WA0028,RETAIL,LOW,15939275,2023-06-19,ph_west_0028,ad_west_0028,2026-08-12T21:00:00Z
CW0029,WA0029,RETAIL,HIGH,15590742,2025-05-23,ph_west_0029,ad_west_0029,2026-08-16T10:00:00Z
CW0030,WA0030,WHOLESALE,LOW,11931341,2023-12-02,ph_west_0030,ad_west_0030,2026-08-16T07:00:00Z
CW0031,WA0031,RETAIL,HIGH,16743929,2025-06-06,ph_west_0031,ad_west_0031,2026-08-09T23:00:00Z
CW0032,WA0032,CASH_INTENSIVE,MEDIUM,14117009,2025-09-06,ph_west_0032,ad_west_0032,2026-08-10T23:00:00Z
CW0033,WA0033,WHOLESALE,LOW,5463733,2024-07-19,ph_west_0033,ad_west_0033,2026-08-12T10:00:00Z
CW0034,WA0034,RETAIL,LOW,11168362,2025-04-15,ph_west_0034,ad_west_0034,2026-08-15T08:00:00Z
CW0035,WA0035,RETAIL,MEDIUM,15699403,2024-08-27,ph_west_0035,ad_west_0035,2026-08-18T09:00:00Z
CW0036,WA0036,RETAIL,LOW,14658928,2025-12-24,ph_west_0036,ad_west_0036,2026-08-10T00:00:00Z
CW0037,WA0037,RETAIL,MEDIUM,3409118,2026-01-14,ph_west_0037,ad_west_0037,2026-08-15T14:00:00Z
CW0038,WA0038,CASH_INTENSIVE,LOW,4040399,2026-04-23,ph_west_0038,ad_west_0038,2026-08-15T05:00:00Z
CW0039,WA0039,WHOLESALE,HIGH,17683548,2024-06-19,ph_west_0039,ad_west_0039,2026-08-19T14:00:00Z
CW0040,WA0040,RETAIL,MEDIUM,5965430,2024-12-10,ph_west_0040,ad_west_0040,2026-08-09T11:00:00Z
CW0041,WA0041,WHOLESALE,LOW,15236733,2024-08-22,ph_west_0041,ad_west_0041,2026-08-18T06:00:00Z
CW0042,WA0042,RETAIL,LOW,9762641,2025-06-29,ph_west_0042,ad_west_0042,2026-08-11T22:00:00Z
CW0043,WA0043,WHOLESALE,HIGH,17990461,2026-04-17,ph_west_0043,ad_west_0043,2026-08-14T01:00:00Z
CW0044,WA0044,RETAIL,MEDIUM,17614957,2025-06-01,ph_west_0044,ad_west_0044,2026-08-16T12:00:00Z
CW0045,WA0045,RETAIL,LOW,2348416,2025-04-08,ph_west_0045,ad_west_0045,2026-08-12T02:00:00Z
CW0046,WA0046,RETAIL,MEDIUM,15229981,2023-08-21,ph_west_0046,ad_west_0046,2026-08-10T06:00:00Z
CW0047,WA0047,RETAIL,LOW,13855542,2024-03-20,ph_west_0047,ad_west_0047,2026-08-10T12:00:00Z
CW0048,WA0048,WHOLESALE,MEDIUM,3874493,2024-08-28,ph_west_0048,ad_west_0048,2026-08-09T13:00:00Z
CW0049,WA0049,RETAIL,LOW,10308360,2025-07-15,ph_west_0049,ad_west_0049,2026-08-19T14:00:00Z
CW0050,WA0050,RETAIL,LOW,8699224,2023-10-21,ph_west_0050,ad_west_0050,2026-08-10T20:00:00Z
CW0051,WA0051,RETAIL,MEDIUM,15081600,2025-05-08,ph_west_0051,ad_west_0051,2026-08-18T08:00:00Z
CW0052,WA0052,RETAIL,MEDIUM,15081556,2024-09-15,ph_west_0052,ad_west_0052,2026-08-13T18:00:00Z
CW0053,WA0053,PROFESSIONAL,LOW,8008945,2024-09-24,ph_west_0053,ad_west_0053,2026-08-11T07:00:00Z
CW0054,WA0054,RETAIL,MEDIUM,9818946,2024-10-01,ph_west_0054,ad_west_0054,2026-08-11T03:00:00Z
CW0055,WA0055,RETAIL,LOW,5116622,2024-06-27,ph_west_0055,ad_west_0055,2026-08-17T20:00:00Z
CW0056,WA0056,PROFESSIONAL,LOW,2918708,2025-05-13,ph_west_0056,ad_west_0056,2026-08-18T06:00:00Z
CW0057,WA0057,RETAIL,MEDIUM,8075359,2024-04-06,ph_west_0057,ad_west_0057,2026-08-08T03:00:00Z
CW0058,WA0058,RETAIL,MEDIUM,8904036,2023-08-08,ph_west_0058,ad_west_0058,2026-08-15T13:00:00Z
CW0059,WA0059,PROFESSIONAL,HIGH,15902172,2025-01-03,ph_west_0059,ad_west_0059,2026-08-18T01:00:00Z
CW0060,WA0060,RETAIL,MEDIUM,6269879,2025-08-16,ph_west_0060,ad_west_0060,2026-08-11T08:00:00Z
CW0061,WA0061,WHOLESALE,LOW,15171024,2025-04-06,ph_west_0061,ad_west_0061,2026-08-11T15:00:00Z
CW0062,WA0062,RETAIL,LOW,11425714,2025-04-05,ph_west_0062,ad_west_0062,2026-08-14T10:00:00Z
CW0063,WA0063,RETAIL,LOW,14005520,2026-01-27,ph_west_0063,ad_west_0063,2026-08-10T04:00:00Z
CW0064,WA0064,WHOLESALE,LOW,5966496,2025-12-27,ph_west_0064,ad_west_0064,2026-08-13T23:00:00Z
CW0065,WA0065,RETAIL,LOW,12664764,2023-10-28,ph_west_0065,ad_west_0065,2026-08-19T15:00:00Z
CW0066,WA0066,RETAIL,LOW,16259439,2024-01-15,ph_west_0066,ad_west_0066,2026-08-12T10:00:00Z
CW0067,WA0067,RETAIL,MEDIUM,9254273,2023-11-13,ph_west_0067,ad_west_0067,2026-08-14T13:00:00Z
CW0068,WA0068,CASH_INTENSIVE,LOW,5050441,2024-12-12,ph_west_0068,ad_west_0068,2026-08-13T04:00:00Z
CW0069,WA0069,RETAIL,MEDIUM,5032522,2023-09-05,ph_west_0069,ad_west_0069,2026-08-19T05:00:00Z
CW0070,WA0070,RETAIL,LOW,4406281,2026-02-25,ph_west_0070,ad_west_0070,2026-08-18T18:00:00Z
CW0071,WA0071,PROFESSIONAL,LOW,7452518,2025-08-24,ph_west_0071,ad_west_0071,2026-08-19T18:00:00Z
CW0072,WA0072,RETAIL,LOW,11573003,2025-02-12,ph_west_0072,ad_west_0072,2026-08-17T21:00:00Z
CW0073,WA0073,PROFESSIONAL,HIGH,3147212,2024-02-06,ph_west_0073,ad_west_0073,2026-08-19T02:00:00Z
CW0074,WA0074,RETAIL,MEDIUM,3512487,2025-10-13,ph_west_0074,ad_west_0074,2026-08-09T20:00:00Z
CW0075,WA0075,PROFESSIONAL,MEDIUM,10179998,2025-12-15,ph_west_0075,ad_west_0075,2026-08-08T01:00:00Z
CW0076,WA0076,RETAIL,LOW,6844955,2024-12-19,ph_west_0076,ad_west_0076,2026-08-08T16:00:00Z
CW0077,WA0077,WHOLESALE,MEDIUM,4310629,2023-12-15,ph_west_0077,ad_west_0077,2026-08-08T07:00:00Z
CW0078,WA0078,WHOLESALE,LOW,17519598,2023-06-26,ph_west_0078,ad_west_0078,2026-08-15T17:00:00Z
CW0079,WA0079,RETAIL,LOW,3612868,2024-05-26,ph_west_0079,ad_west_0079,2026-08-16T11:00:00Z
CW0080,WA0080,RETAIL,LOW,15791386,2026-04-18,ph_west_0080,ad_west_0080,2026-08-13T03:00:00Z
CW_SIG_01,W_SIG_01,RETAIL,HIGH,2200000,2026-08-01,ph_signal_0,ad_signal_shared,2026-08-20T03:00:00Z
CW_SIG_02,W_SIG_02,RETAIL,HIGH,2200000,2026-07-31,ph_signal_0,ad_signal_shared,2026-08-20T02:00:00Z
CW_SIG_03,W_SIG_03,RETAIL,HIGH,2200000,2026-07-30,ph_signal_1,ad_signal_shared,2026-08-20T01:00:00Z
CW_SIG_04,W_SIG_04,RETAIL,MEDIUM,2200000,2026-07-29,ph_signal_1,ad_signal_shared,2026-08-20T00:00:00Z
CW_SIG_05,W_SIG_05,RETAIL,MEDIUM,2200000,2026-07-28,ph_signal_2,ad_signal_shared,2026-08-19T23:00:00Z
CW_SIG_06,W_SIG_06,RETAIL,MEDIUM,2200000,2026-07-27,ph_signal_2,ad_signal_shared,2026-08-19T22:00:00Z
CW_SIG_07,W_SIG_07,RETAIL,MEDIUM,2200000,2026-07-26,ph_signal_3,ad_signal_shared,2026-08-19T21:00:00Z
CW_SIG_08,W_SIG_08,RETAIL,MEDIUM,2200000,2026-07-25,ph_signal_3,ad_signal_shared,2026-08-19T20:00:00Z
CE_SEASONAL_01,E_SEASONAL_01,CASH_INTENSIVE,LOW,24000000,2024-07-01,ph_seasonal_unique,ad_seasonal_unique,2026-08-20T06:00:00Z
CN_GAP_01,N_GAP_01,PROFESSIONAL,MEDIUM,4500000,2026-01-11,,,2026-06-05T12:00:00Z
CN_GAP_02,N_GAP_02,PROFESSIONAL,MEDIUM,4500000,2026-01-10,,,2026-06-04T12:00:00Z
CN_GAP_03,N_GAP_03,PROFESSIONAL,MEDIUM,4500000,2026-01-09,,,2026-06-03T12:00:00Z
CN_GAP_04,N_GAP_04,PROFESSIONAL,MEDIUM,4500000,2026-01-08,,,2026-06-02T12:00:00Z
CS_NEW_01,S_NEW_01,RETAIL,LOW,5000000,2026-06-20,ph_new_01,ad_new_01,2026-08-19T23:00:00Z
CS_NEW_02,S_NEW_02,RETAIL,LOW,5000000,2026-06-19,ph_new_02,ad_new_02,2026-08-19T22:00:00Z
CS_NEW_03,S_NEW_03,RETAIL,LOW,5000000,2026-06-18,ph_new_03,ad_new_03,2026-08-19T21:00:00Z
CS_NEW_04,S_NEW_04,RETAIL,LOW,5000000,2026-06-17,ph_new_04,ad_new_04,2026-08-19T20:00:00Z
CS_NEW_05,S_NEW_05,RETAIL,LOW,5000000,2026-06-16,ph_new_05,ad_new_05,2026-08-19T19:00:00Z
CS_NEW_06,S_NEW_06,RETAIL,LOW,5000000,2026-06-15,ph_new_06,ad_new_06,2026-08-19T18:00:00Z
